{
  "http1": [
    1.2462432000029366,
    0.3864610000164248,
    0.30314060000819154,
    0.31874089999473654,
    0.38216649999958463
  ],
  "http2": [
    1.3677037000015844,
    0.5120647999865469,
    0.6950915000052191,
    0.8202195000194479,
    0.7190403000277001
  ]
}